data;valor
1987-06-01;697.76
1987-07-01;169.46
1987-08-01;165.65
1987-09-01;172.98
1987-10-01;228.29
1987-11-01;406.29
1987-12-01;426.9
1988-01-01;640.88
1988-02-01;865.88
1988-03-01;498.79
1988-04-01;1050.8
1988-05-01;764.56
1988-06-01;724.42
1988-07-01;1285.38
1988-08-01;838.88
1988-09-01;1499.04
1988-10-01;2976.52
1988-11-01;1820.1
1988-12-01;1925.86
1989-01-01;1384.29
1989-02-01;1090.62
1989-03-01;843.19
1989-04-01;322.12
1989-05-01;273.02
1989-06-01;1492.72
1989-07-01;2897.02
1989-08-01;2668.86
1989-09-01;5875.54
1989-10-01;10283.44
1989-11-01;13956.4
1989-12-01;51689.76
1990-01-01;38596.65
1990-02-01;372919.82
1990-03-01;6031.25
1990-04-01;93.98
1990-05-01;93.62
1990-06-01;209.55
1990-07-01;364.25
1990-08-01;268.81
1990-09-01;749.03
1990-10-01;983.79
1990-11-01;1265.14
1990-12-01;2992.94
1991-01-01;1017.76
1991-02-01;245.16
1991-03-01;254.36
1991-04-01;284.99
1991-05-01;317.21
1991-06-01;258.29
1991-07-01;291.43
1991-08-01;445.96
1991-09-01;792.24
1991-10-01;1168.6
1991-11-01;3198.84
1991-12-01;3299.77
1992-01-01;1759.02
1992-02-01;2712.47
1992-03-01;1871.34
1992-04-01;1588.98
1992-05-01;1249.21
1992-06-01;1252.81
1992-07-01;1192.29
1992-08-01;1460.27
1992-09-01;1771.17
1992-10-01;1869.93
1992-11-01;1756.6
1992-12-01;1750.09
1993-01-01;2320.59
1993-02-01;4043.67
1993-03-01;1465.3
1993-04-01;3275.2
1993-05-01;2437.07
1993-06-01;2648.03
1993-07-01;2474.43
1993-08-01;2958.05
1993-09-01;4439.72
1993-10-01;5894.89
1993-11-01;5721.87
1993-12-01;5890.45
1994-01-01;7367.3
1994-02-01;16994.73
1994-03-01;8138.42
1994-04-01;14986.48
1994-05-01;8899.68
1994-06-01;11336.28
1994-07-01;125.79
1994-08-01;56.35
1994-09-01;57.29
1994-10-01;60.98
1994-11-01;66.12
1994-12-01;53.92
1995-01-01;47.89
1995-02-01;56.22
1995-03-01;60.42
1995-04-01;84.54
1995-05-01;61.44
1995-06-01;61.02
1995-07-01;60.27
1995-08-01;50.58
1995-09-01;49.68
1995-10-01;43.52
1995-11-01;42.28
1995-12-01;40.34
1996-01-01;33.58
1996-02-01;35.32
1996-03-01;29.81
1996-04-01;28.88
1996-05-01;25.53
1996-06-01;29.04
1996-07-01;23.08
1996-08-01;24.8
1996-09-01;25.11
1996-10-01;23.46
1996-11-01;25.12
1996-12-01;23.74
1997-01-01;21.86
1997-02-01;25.93
1997-03-01;23.85
1997-04-01;21.79
1997-05-01;21.81
1997-06-01;20.87
1997-07-01;19.07
1997-08-01;20.71
1997-09-01;19.69
1997-10-01;20.05
1997-11-01;44.86
1997-12-01;38.98
1998-01-01;37.13
1998-02-01;33.9
1998-03-01;28.03
1998-04-01;24.97
1998-05-01;22.56
1998-06-01;20.94
1998-07-01;20.21
1998-08-01;19.17
1998-09-01;34.37
1998-10-01;41.34
1998-11-01;37.77
1998-12-01;30.89
1999-01-01;31.13
1999-02-01;38.42
1999-03-01;42.5
1999-04-01;34.77
1999-05-01;26.22
1999-06-01;21.48
1999-07-01;20.25
1999-08-01;19.22
1999-09-01;19.11
1999-10-01;18.77
1999-11-01;18.74
1999-12-01;18.77
2000-01-01;18.73
2000-02-01;18.72
2000-03-01;18.7
2000-04-01;18.43
2000-05-01;18.44
2000-06-01;17.95
2000-07-01;16.79
2000-08-01;16.39
2000-09-01;16.47
2000-10-01;16.48
2000-11-01;16.44
2000-12-01;16.13
2001-01-01;15.4
2001-02-01;15.1
2001-03-01;15.29
2001-04-01;15.93
2001-05-01;16.4
2001-06-01;17.28
2001-07-01;18.61
2001-08-01;19.01
2001-09-01;19.04
2001-10-01;19.05
2001-11-01;19.05
2001-12-01;19.05
2002-01-01;19.02
2002-02-01;18.95
2002-03-01;18.7
2002-04-01;18.37
2002-05-01;18.21
2002-06-01;17.82
2002-07-01;18.15
2002-08-01;17.87
2002-09-01;17.89
2002-10-01;19.53
2002-11-01;21.14
2002-12-01;22.91
2003-01-01;24.98
2003-02-01;25.63
2003-03-01;26.25
2003-04-01;26.23
2003-05-01;26.22
2003-06-01;25.99
2003-07-01;25.24
2003-08-01;23.36
2003-09-01;20.88
2003-10-01;19.42
2003-11-01;18.23
2003-12-01;16.81
2004-01-01;16.22
2004-02-01;16.22
2004-03-01;16.13
2004-04-01;15.85
2004-05-01;15.73
2004-06-01;15.71
2004-07-01;15.71
2004-08-01;15.76
2004-09-01;15.99
2004-10-01;16.34
2004-11-01;16.93
2004-12-01;17.46
2005-01-01;17.92
2005-02-01;18.44
2005-03-01;18.89
2005-04-01;19.26
2005-05-01;19.57
2005-06-01;19.73
2005-07-01;19.7
2005-08-01;19.68
2005-09-01;19.56
2005-10-01;19.19
2005-11-01;18.8
2005-12-01;18.15
2006-01-01;17.6
2006-02-01;17.2
2006-03-01;16.69
2006-04-01;16.15
2006-05-01;15.66
2006-06-01;15.15
2006-07-01;14.94
2006-08-01;14.6
2006-09-01;14.11
2006-10-01;13.89
2006-11-01;13.6
2006-12-01;13.14
2007-01-01;13.07
2007-02-01;12.89
2007-03-01;12.69
2007-04-01;12.52
2007-05-01;12.35
2007-06-01;11.97
2007-07-01;11.67
2007-08-01;11.37
2007-09-01;11.16
2007-10-01;11.11
2007-11-01;11.11
2007-12-01;11.11
2008-01-01;11.08
2008-02-01;11.07
2008-03-01;11.09
2008-04-01;11.32
2008-05-01;11.55
2008-06-01;11.99
2008-07-01;12.3
2008-08-01;12.85
2008-09-01;13.33
2008-10-01;13.64
2008-11-01;13.3
2008-12-01;13.49
2009-01-01;13.26
2009-02-01;12.62
2009-03-01;11.65
2009-04-01;11.05
2009-05-01;10.1
2009-06-01;9.4
2009-07-01;8.93
2009-08-01;8.62
2009-09-01;8.62
2009-10-01;8.62
2009-11-01;8.63
2009-12-01;8.61
2010-01-01;8.62
2010-02-01;8.62
2010-03-01;8.61
2010-04-01;8.7
2010-05-01;9.38
2010-06-01;9.91
2010-07-01;10.3
2010-08-01;10.64
2010-09-01;10.62
2010-10-01;10.64
2010-11-01;10.64
2010-12-01;10.64
2011-01-01;10.83
2011-02-01;11.15
2011-03-01;11.6
2011-04-01;11.72
2011-05-01;11.89
2011-06-01;12.05
2011-07-01;12.24
2011-08-01;12.4
2011-09-01;11.88
2011-10-01;11.68
2011-11-01;11.37
2011-12-01;10.87
2012-01-01;10.62
2012-02-01;10.3
2012-03-01;9.66
2012-04-01;9.19
2012-05-01;8.72
2012-06-01;8.35
2012-07-01;8.02
2012-08-01;7.78
2012-09-01;7.36
2012-10-01;7.18
2012-11-01;7.08
2012-12-01;6.94
2013-01-01;6.93
2013-02-01;6.96
2013-03-01;6.99
2013-04-01;7.1
2013-05-01;7.25
2013-06-01;7.72
2013-07-01;8.05
2013-08-01;8.27
2013-09-01;8.72
2013-10-01;9.16
2013-11-01;9.33
2013-12-01;9.78
2014-01-01;10.05
2014-02-01;10.32
2014-03-01;10.56
2014-04-01;10.77
2014-05-01;10.8
2014-06-01;10.8
2014-07-01;10.8
2014-08-01;10.82
2014-09-01;10.82
2014-10-01;10.85
2014-11-01;11.09
2014-12-01;11.51
2015-01-01;11.74
2015-02-01;12.09
2015-03-01;12.53
2015-04-01;12.63
2015-05-01;13.13
2015-06-01;13.57
2015-07-01;13.68
2015-08-01;14.13
2015-09-01;14.13
2015-10-01;14.13
2015-11-01;14.14
2015-12-01;14.14
2016-01-01;14.14
2016-02-01;14.13
2016-03-01;14.13
2016-04-01;14.13
2016-05-01;14.13
2016-06-01;14.13
2016-07-01;14.13
2016-08-01;14.13
2016-09-01;14.13
2016-10-01;14.03
2016-11-01;13.88
2016-12-01;13.63
2017-01-01;13.15
2017-02-01;12.8
2017-03-01;12.13
2017-04-01;11.57
2017-05-01;11.13
2017-06-01;10.14
2017-07-01;10.0
2017-08-01;9.14
2017-09-01;8.34
2017-10-01;8.0
2017-11-01;7.39
2017-12-01;6.99
2018-01-01;6.89
2018-02-01;6.71
2018-03-01;6.57
2018-04-01;6.39
2018-05-01;6.39
2018-06-01;6.39
2018-07-01;6.39
2018-08-01;6.39
2018-09-01;6.39
2018-10-01;6.4
2018-11-01;6.4
2018-12-01;6.4
2019-01-01;6.4
2019-02-01;6.4
2019-03-01;6.4
2019-04-01;6.4
2019-05-01;6.4
2019-06-01;6.4
2019-07-01;6.4
2019-08-01;5.9
2019-09-01;5.71
2019-10-01;5.38
2019-11-01;4.9
2019-12-01;4.59
2020-01-01;4.4
2020-02-01;4.19
2020-03-01;3.95
2020-04-01;3.65
2020-05-01;3.01
2020-06-01;2.58
2020-07-01;2.15
2020-08-01;1.94
2020-09-01;1.9
2020-10-01;1.9
2020-11-01;1.9
2020-12-01;1.9
2021-01-01;1.9
2021-02-01;1.9
2021-03-01;2.23
2021-04-01;2.65
2021-05-01;3.29
2021-06-01;3.76
2021-07-01;4.15
2021-08-01;5.01
2021-09-01;5.43
2021-10-01;6.3
2021-11-01;7.65
2021-12-01;8.76
2022-01-01;9.15
2022-02-01;10.49
2022-03-01;11.15
2022-04-01;11.65
2022-05-01;12.51
2022-06-01;12.89
2022-07-01;13.15
2022-08-01;13.58
2022-09-01;13.65
2022-10-01;13.65
2022-11-01;13.65
2022-12-01;13.65
2023-01-01;13.65
2023-02-01;13.65
2023-03-01;13.65
2023-04-01;13.65
2023-05-01;13.65
2023-06-01;13.65
2023-07-01;13.65
2023-08-01;13.19
2023-09-01;12.97
2023-10-01;12.65
2023-11-01;12.17
2023-12-01;11.87
2024-01-01;11.65
2024-02-01;11.15
2024-03-01;11.0
2024-04-01;10.65
2024-05-01;10.46
2024-06-01;10.4
2024-07-01;10.4
2024-08-01;10.4
2024-09-01;10.5
2024-10-01;10.65
2024-11-01;11.04
2024-12-01;11.77
2025-01-01;12.24
2025-02-01;13.15
2025-03-01;13.57
2025-04-01;14.15
2025-05-01;14.47
